Data;25444 - Taxa média mensal de juros das operações de crédito com recursos livres - Pessoas jurídicas - Capital de giro total - % a.m.;25445 - Taxa média mensal de juros das operações de crédito com recursos livres - Pessoas jurídicas - Conta garantida - % a.m.;25446 - Taxa média mensal de juros das operações de crédito com recursos livres - Pessoas jurídicas - Cheque especial - % a.m.;25447 - Taxa média mensal de juros das operações de crédito com recursos livres - Pessoas jurídicas - Aquisição de veículos - % a.m.;25448 - Taxa média mensal de juros das operações de crédito com recursos livres - Pessoas jurídicas - Aquisição de outros bens - % a.m.;25449 - Taxa média mensal de juros das operações de crédito com recursos livres - Pessoas jurídicas - Aquisição de bens total - % a.m.;25450 - Taxa média mensal de juros das operações de crédito com recursos livres - Pessoas jurídicas - Arrendamento mercantil de veículos - % a.m.;25451 - Taxa média mensal de juros das operações de crédito com recursos livres - Pessoas jurídicas - Arrendamento mercantil de outros bens - % a.m.;25452 - Taxa média mensal de juros das operações de crédito com recursos livres - Pessoas jurídicas - Arrendamento mercantil total - % a.m.;25453 - Taxa média mensal de juros das operações de crédito com recursos livres - Pessoas jurídicas - Vendor - % a.m.
06/2000;2,51 ;-;-;-;-;-;-;-;-;1,79
07/2000;2,40 ;-;-;-;-;-;-;-;-;1,68
08/2000;2,34 ;-;-;-;-;-;-;-;-;1,59
09/2000;2,33 ;-;-;-;-;-;-;-;-;1,65
10/2000;2,32 ;-;-;-;-;-;-;-;-;1,61
11/2000;2,36 ;-;-;-;-;-;-;-;-;1,61
12/2000;2,35 ;-;-;-;-;-;-;-;-;1,58
01/2001;2,26 ;-;-;-;-;-;-;-;-;1,48
02/2001;2,37 ;-;-;-;-;-;-;-;-;1,52
03/2001;2,25 ;-;-;-;-;-;-;-;-;1,56
04/2001;2,38 ;-;-;-;-;-;-;-;-;1,69
05/2001;2,40 ;-;-;-;-;-;-;-;-;1,73
06/2001;2,36 ;-;-;-;-;-;-;-;-;1,72
07/2001;2,42 ;-;-;-;-;-;-;-;-;2,01
08/2001;2,57 ;-;-;-;-;-;-;-;-;1,93
09/2001;2,53 ;-;-;-;-;-;-;-;-;2,01
10/2001;2,58 ;-;-;-;-;-;-;-;-;2,08
11/2001;2,46 ;-;-;-;-;-;-;-;-;1,89
12/2001;2,47 ;-;-;-;-;-;-;-;-;1,89
01/2002;2,53 ;-;-;-;-;-;-;-;-;1,85
02/2002;2,44 ;-;-;-;-;-;-;-;-;1,86
03/2002;2,37 ;-;-;-;-;-;-;-;-;1,78
04/2002;2,46 ;-;-;-;-;-;-;-;-;1,69
05/2002;2,47 ;-;-;-;-;-;-;-;-;1,78
06/2002;2,39 ;-;-;-;-;-;-;-;-;1,83
07/2002;2,36 ;-;-;-;-;-;-;-;-;1,89
08/2002;2,35 ;-;-;-;-;-;-;-;-;1,90
09/2002;2,30 ;-;-;-;-;-;-;-;-;1,92
10/2002;2,42 ;-;-;-;-;-;-;-;-;2,12
11/2002;2,58 ;-;-;-;-;-;-;-;-;2,20
12/2002;2,59 ;-;-;-;-;-;-;-;-;2,38
01/2003;2,65 ;-;-;-;-;-;-;-;-;2,35
02/2003;2,82 ;-;-;-;-;-;-;-;-;2,43
03/2003;2,86 ;-;-;-;-;-;-;-;-;2,42
04/2003;2,89 ;-;-;-;-;-;-;-;-;2,46
05/2003;2,83 ;-;-;-;-;-;-;-;-;2,37
06/2003;2,78 ;-;-;-;-;-;-;-;-;2,33
07/2003;2,71 ;-;-;-;-;-;-;-;-;2,24
08/2003;2,63 ;-;-;-;-;-;-;-;-;2,14
09/2003;2,46 ;-;-;-;-;-;-;-;-;1,94
10/2003;2,38 ;-;-;-;-;-;-;-;-;1,82
11/2003;2,38 ;-;-;-;-;-;-;-;-;1,79
12/2003;2,28 ;-;-;-;-;-;-;-;-;1,69
01/2004;2,28 ;-;-;-;-;-;-;-;-;1,69
02/2004;2,35 ;-;-;-;-;-;-;-;-;1,66
03/2004;2,27 ;-;-;-;-;-;-;-;-;1,64
04/2004;2,23 ;-;-;-;-;-;-;-;-;1,64
05/2004;2,17 ;-;-;-;-;-;-;-;-;1,63
06/2004;2,18 ;-;-;-;-;-;-;-;-;1,62
07/2004;2,18 ;-;-;-;-;-;-;-;-;1,60
08/2004;2,21 ;-;-;-;-;-;-;-;-;1,63
09/2004;2,21 ;-;-;-;-;-;-;-;-;1,65
10/2004;2,28 ;-;-;-;-;-;-;-;-;1,68
11/2004;2,21 ;-;-;-;-;-;-;-;-;1,67
12/2004;2,20 ;-;-;-;-;-;-;-;-;1,72
01/2005;2,39 ;-;-;-;-;-;-;-;-;1,82
02/2005;2,37 ;-;-;-;-;-;-;-;-;1,82
03/2005;2,38 ;-;-;-;-;-;-;-;-;1,84
04/2005;2,37 ;-;-;-;-;-;-;-;-;1,88
05/2005;2,42 ;-;-;-;-;-;-;-;-;1,85
06/2005;2,34 ;-;-;-;-;-;-;-;-;1,82
07/2005;2,29 ;-;-;-;-;-;-;-;-;1,85
08/2005;2,34 ;-;-;-;-;-;-;-;-;1,82
09/2005;2,38 ;-;-;-;-;-;-;-;-;1,86
10/2005;2,39 ;-;-;-;-;-;-;-;-;1,85
11/2005;2,28 ;-;-;-;-;-;-;-;-;1,76
12/2005;2,26 ;-;-;-;-;-;-;-;-;1,70
01/2006;2,30 ;-;-;-;-;-;-;-;-;1,70
02/2006;2,30 ;-;-;-;-;-;-;-;-;1,73
03/2006;2,17 ;-;-;-;-;-;-;-;-;1,62
04/2006;2,25 ;-;-;-;-;-;-;-;-;1,68
05/2006;2,13 ;-;-;-;-;-;-;-;-;1,54
06/2006;2,05 ;-;-;-;-;-;-;-;-;1,53
07/2006;2,00 ;-;-;-;-;-;-;-;-;1,50
08/2006;2,02 ;-;-;-;-;-;-;-;-;1,45
09/2006;1,99 ;-;-;-;-;-;-;-;-;1,44
10/2006;1,98 ;-;-;-;-;-;-;-;-;1,40
11/2006;1,93 ;-;-;-;-;-;-;-;-;1,39
12/2006;1,90 ;-;-;-;-;-;-;-;-;1,39
01/2007;1,91 ;-;-;-;-;-;-;-;-;1,33
02/2007;1,93 ;-;-;-;-;-;-;-;-;1,32
03/2007;1,86 ;-;-;-;-;-;-;-;-;1,29
04/2007;1,89 ;-;-;-;-;-;-;-;-;1,31
05/2007;1,84 ;-;-;-;-;-;-;-;-;1,28
06/2007;1,78 ;-;-;-;-;-;-;-;-;1,25
07/2007;1,69 ;-;-;-;-;-;-;-;-;1,19
08/2007;1,73 ;-;-;-;-;-;-;-;-;1,18
09/2007;1,73 ;-;-;-;-;-;-;-;-;1,23
10/2007;1,72 ;-;-;-;-;-;-;-;-;1,23
11/2007;1,70 ;-;-;-;-;-;-;-;-;1,22
12/2007;1,68 ;-;-;-;-;-;-;-;-;1,24
01/2008;1,76 ;-;-;-;-;-;-;-;-;1,33
02/2008;1,77 ;-;-;-;-;-;-;-;-;1,35
03/2008;1,80 ;-;-;-;-;-;-;-;-;1,34
04/2008;1,79 ;-;-;-;-;-;-;-;-;1,37
05/2008;1,84 ;-;-;-;-;-;-;-;-;1,45
06/2008;1,79 ;-;-;-;-;-;-;-;-;1,40
07/2008;1,85 ;-;-;-;-;-;-;-;-;1,42
08/2008;1,91 ;-;-;-;-;-;-;-;-;1,51
09/2008;1,92 ;-;-;-;-;-;-;-;-;1,54
10/2008;2,12 ;-;-;-;-;-;-;-;-;1,71
11/2008;2,17 ;-;-;-;-;-;-;-;-;1,87
12/2008;2,16 ;-;-;-;-;-;-;-;-;1,77
01/2009;2,11 ;-;-;-;-;-;-;-;-;1,67
02/2009;2,10 ;-;-;-;-;-;-;-;-;1,58
03/2009;1,90 ;-;-;-;-;-;-;-;-;1,45
04/2009;1,91 ;-;-;-;-;-;-;-;-;1,50
05/2009;1,83 ;-;-;-;-;-;-;-;-;1,39
06/2009;1,76 ;-;-;-;-;-;-;-;-;1,32
07/2009;1,70 ;-;-;-;-;-;-;-;-;1,23
08/2009;1,66 ;-;-;-;-;-;-;-;-;1,35
09/2009;1,65 ;-;-;-;-;-;-;-;-;1,29
10/2009;1,69 ;-;-;-;-;-;-;-;-;1,24
11/2009;1,60 ;-;-;-;-;-;-;-;-;1,29
12/2009;1,60 ;-;-;-;-;-;-;-;-;1,30
01/2010;1,66 ;-;-;-;-;-;-;-;-;1,27
02/2010;1,62 ;-;-;-;-;-;-;-;-;1,19
03/2010;1,62 ;-;-;-;-;-;-;-;-;1,15
04/2010;1,59 ;-;-;-;-;-;-;-;-;1,22
05/2010;1,65 ;-;-;-;-;-;-;-;-;1,27
06/2010;1,66 ;-;-;-;-;-;-;-;-;1,29
07/2010;1,71 ;-;-;-;-;-;-;-;-;1,33
08/2010;1,72 ;-;-;-;-;-;-;-;-;1,35
09/2010;1,73 ;-;-;-;-;-;-;-;-;1,39
10/2010;1,72 ;-;-;-;-;-;-;-;-;1,45
11/2010;1,67 ;-;-;-;-;-;-;-;-;1,35
12/2010;1,63 ;-;-;-;-;-;-;-;-;1,30
01/2011;1,71 ;-;-;-;-;-;-;-;-;1,45
02/2011;1,80 ;-;-;-;-;-;-;-;-;1,39
03/2011;1,77 ;2,77 ;8,54 ;1,61 ;1,60 ;1,61 ;1,33 ;1,19 ;1,27 ;1,40
04/2011;1,80 ;2,79 ;8,74 ;1,63 ;1,60 ;1,62 ;1,34 ;1,16 ;1,26 ;1,43
05/2011;1,79 ;2,84 ;8,72 ;1,61 ;1,68 ;1,62 ;1,37 ;1,19 ;1,29 ;1,48
06/2011;1,80 ;2,83 ;8,71 ;1,59 ;1,59 ;1,59 ;1,40 ;1,21 ;1,31 ;1,45
07/2011;1,82 ;2,84 ;8,74 ;1,60 ;1,51 ;1,59 ;1,40 ;1,16 ;1,29 ;1,46
08/2011;1,70 ;2,87 ;8,71 ;1,58 ;1,53 ;1,57 ;1,37 ;1,21 ;1,29 ;1,43
09/2011;1,73 ;2,88 ;8,74 ;1,54 ;1,54 ;1,54 ;1,34 ;1,19 ;1,27 ;1,31
10/2011;1,70 ;2,87 ;8,76 ;1,56 ;1,47 ;1,54 ;1,33 ;1,06 ;1,20 ;1,31
11/2011;1,66 ;2,88 ;8,80 ;1,47 ;1,46 ;1,47 ;1,32 ;1,11 ;1,22 ;1,31
12/2011;1,58 ;2,79 ;8,73 ;1,38 ;1,36 ;1,38 ;1,29 ;1,13 ;1,21 ;1,29
01/2012;1,65 ;2,86 ;8,69 ;1,45 ;1,42 ;1,44 ;1,27 ;1,09 ;1,17 ;1,29
02/2012;1,63 ;2,85 ;8,72 ;1,47 ;1,27 ;1,43 ;1,27 ;1,13 ;1,20 ;1,26
03/2012;1,59 ;2,81 ;8,62 ;1,43 ;1,35 ;1,42 ;1,28 ;1,11 ;1,19 ;1,24
04/2012;1,47 ;2,79 ;8,63 ;1,44 ;1,35 ;1,42 ;1,25 ;1,08 ;1,16 ;1,18
05/2012;1,36 ;2,77 ;8,40 ;1,37 ;1,23 ;1,34 ;1,23 ;1,01 ;1,11 ;1,17
06/2012;1,30 ;2,75 ;8,25 ;1,30 ;1,18 ;1,27 ;1,16 ;1,08 ;1,12 ;1,13
07/2012;1,33 ;2,74 ;8,18 ;1,29 ;1,15 ;1,27 ;1,11 ;0,99 ;1,04 ;1,08
08/2012;1,33 ;2,72 ;8,09 ;1,30 ;1,11 ;1,26 ;1,14 ;0,92 ;1,02 ;1,03
09/2012;1,30 ;2,67 ;8,06 ;1,25 ;0,99 ;1,20 ;1,09 ;1,03 ;1,05 ;1,03
10/2012;1,24 ;2,71 ;8,01 ;1,27 ;0,96 ;1,21 ;1,02 ;0,86 ;0,93 ;1,00
11/2012;1,29 ;2,69 ;7,98 ;1,21 ;1,05 ;1,18 ;1,03 ;0,95 ;0,99 ;1,02
12/2012;1,20 ;2,62 ;7,88 ;1,22 ;0,92 ;1,16 ;1,06 ;0,91 ;0,97 ;1,01
01/2013;1,31 ;2,66 ;7,80 ;1,27 ;1,02 ;1,21 ;1,09 ;0,93 ;1,00 ;0,98
02/2013;1,31 ;2,66 ;7,83 ;1,28 ;0,94 ;1,20 ;1,13 ;0,99 ;1,05 ;0,98
03/2013;1,29 ;2,66 ;7,82 ;1,27 ;0,77 ;1,16 ;1,11 ;0,92 ;0,99 ;1,01
04/2013;1,31 ;2,70 ;7,77 ;1,27 ;1,03 ;1,21 ;1,07 ;0,94 ;0,99 ;1,03
05/2013;1,32 ;2,67 ;7,70 ;1,27 ;1,01 ;1,21 ;1,09 ;0,99 ;1,03 ;1,05
06/2013;1,36 ;2,65 ;7,72 ;1,30 ;1,10 ;1,25 ;1,12 ;1,07 ;1,09 ;1,09
07/2013;1,41 ;2,70 ;7,72 ;1,31 ;1,12 ;1,27 ;1,17 ;1,09 ;1,12 ;1,09
08/2013;1,47 ;2,71 ;7,84 ;1,38 ;1,18 ;1,33 ;1,18 ;1,14 ;1,15 ;1,13
09/2013;1,50 ;2,73 ;7,86 ;1,40 ;1,15 ;1,34 ;1,22 ;1,15 ;1,17 ;1,13
10/2013;1,47 ;2,74 ;7,84 ;1,39 ;1,14 ;1,33 ;1,21 ;1,10 ;1,14 ;1,16
11/2013;1,54 ;2,71 ;7,90 ;1,39 ;1,23 ;1,35 ;1,25 ;1,19 ;1,21 ;1,25
12/2013;1,55 ;2,69 ;7,89 ;1,42 ;1,28 ;1,38 ;1,26 ;1,17 ;1,20 ;1,19
01/2014;1,66 ;2,79 ;7,97 ;1,47 ;1,26 ;1,42 ;1,26 ;1,23 ;1,24 ;1,25
02/2014;1,68 ;2,78 ;8,08 ;1,51 ;1,23 ;1,44 ;1,31 ;1,28 ;1,29 ;1,27
03/2014;1,69 ;2,79 ;8,15 ;1,48 ;1,32 ;1,44 ;1,28 ;1,22 ;1,24 ;1,32
04/2014;1,65 ;2,85 ;8,16 ;1,49 ;1,20 ;1,41 ;1,34 ;1,21 ;1,25 ;1,39
05/2014;1,62 ;2,94 ;8,47 ;1,47 ;1,21 ;1,40 ;1,32 ;1,23 ;1,26 ;1,31
06/2014;1,62 ;2,89 ;8,59 ;1,47 ;1,28 ;1,42 ;1,27 ;1,16 ;1,19 ;1,27
07/2014;1,67 ;2,89 ;8,55 ;1,52 ;1,13 ;1,42 ;1,22 ;1,21 ;1,21 ;1,34
08/2014;1,64 ;2,89 ;8,52 ;1,48 ;1,22 ;1,41 ;1,25 ;1,20 ;1,21 ;1,30
09/2014;1,65 ;2,91 ;8,79 ;1,51 ;1,17 ;1,42 ;1,20 ;1,19 ;1,19 ;1,25
10/2014;1,68 ;2,90 ;8,94 ;1,49 ;1,22 ;1,41 ;1,23 ;1,22 ;1,22 ;1,25
11/2014;1,70 ;2,88 ;9,01 ;1,54 ;1,20 ;1,44 ;1,24 ;1,22 ;1,22 ;1,28
12/2014;1,67 ;2,90 ;9,26 ;1,50 ;1,39 ;1,47 ;1,23 ;1,22 ;1,22 ;1,28
01/2015;1,74 ;3,03 ;9,52 ;1,57 ;1,28 ;1,49 ;1,22 ;1,26 ;1,25 ;1,29
02/2015;1,79 ;3,05 ;9,62 ;1,60 ;1,51 ;1,58 ;1,33 ;1,29 ;1,30 ;1,31
03/2015;1,80 ;3,23 ;9,70 ;1,59 ;1,54 ;1,58 ;1,37 ;1,28 ;1,30 ;1,32
04/2015;1,80 ;3,20 ;9,80 ;1,60 ;1,43 ;1,56 ;1,37 ;1,29 ;1,31 ;1,39
05/2015;1,81 ;3,18 ;9,92 ;1,64 ;1,24 ;1,53 ;1,37 ;1,30 ;1,32 ;1,42
06/2015;1,86 ;3,22 ;10,08 ;1,59 ;1,49 ;1,56 ;1,44 ;1,29 ;1,33 ;1,44
07/2015;1,90 ;3,23 ;10,28 ;1,60 ;1,53 ;1,58 ;1,41 ;1,33 ;1,36 ;1,47
08/2015;1,98 ;3,27 ;10,50 ;1,62 ;1,54 ;1,60 ;1,38 ;1,33 ;1,35 ;1,44
09/2015;2,10 ;3,35 ;10,82 ;1,62 ;1,69 ;1,64 ;1,47 ;1,44 ;1,45 ;1,44
10/2015;2,07 ;3,40 ;11,24 ;1,66 ;1,65 ;1,66 ;1,50 ;1,41 ;1,44 ;1,49
11/2015;2,07 ;3,43 ;11,50 ;1,68 ;1,62 ;1,67 ;1,55 ;1,53 ;1,53 ;1,44
12/2015;2,04 ;3,38 ;11,62 ;1,67 ;1,59 ;1,65 ;1,53 ;1,44 ;1,47 ;1,46
01/2016;2,20 ;3,51 ;11,92 ;1,74 ;1,64 ;1,72 ;1,55 ;1,37 ;1,42 ;1,48
02/2016;2,16 ;3,50 ;12,03 ;1,73 ;1,50 ;1,68 ;1,58 ;1,51 ;1,53 ;1,47
03/2016;2,09 ;3,48 ;12,36 ;1,72 ;1,70 ;1,71 ;1,54 ;1,38 ;1,42 ;1,48
04/2016;2,02 ;3,51 ;12,44 ;1,71 ;1,45 ;1,65 ;1,50 ;1,40 ;1,43 ;1,50
05/2016;1,98 ;3,52 ;12,62 ;1,70 ;1,46 ;1,64 ;1,51 ;1,34 ;1,39 ;1,48
06/2016;2,01 ;3,50 ;12,70 ;1,70 ;1,69 ;1,69 ;1,44 ;1,28 ;1,32 ;1,47
07/2016;1,98 ;3,58 ;12,72 ;1,65 ;1,49 ;1,61 ;1,43 ;1,43 ;1,43 ;1,49
08/2016;1,98 ;3,55 ;12,90 ;1,64 ;1,50 ;1,60 ;1,40 ;1,39 ;1,39 ;1,50
09/2016;1,90 ;3,47 ;13,09 ;1,64 ;1,53 ;1,62 ;1,36 ;1,46 ;1,43 ;1,45
10/2016;1,90 ;3,61 ;13,15 ;1,66 ;1,41 ;1,59 ;1,35 ;1,34 ;1,35 ;1,51
11/2016;1,89 ;3,50 ;13,12 ;1,67 ;1,50 ;1,62 ;1,33 ;1,32 ;1,33 ;1,51
12/2016;1,79 ;3,39 ;12,98 ;1,59 ;1,41 ;1,55 ;1,37 ;1,33 ;1,34 ;1,43
01/2017;1,83 ;3,45 ;13,00 ;1,68 ;1,35 ;1,59 ;1,31 ;1,33 ;1,32 ;1,46
02/2017;1,79 ;3,36 ;13,08 ;1,62 ;1,56 ;1,60 ;1,24 ;1,33 ;1,31 ;1,47
03/2017;1,69 ;3,39 ;13,15 ;1,56 ;1,37 ;1,51 ;1,24 ;1,26 ;1,26 ;1,43
04/2017;1,67 ;3,36 ;13,14 ;1,51 ;1,47 ;1,50 ;1,15 ;1,22 ;1,20 ;1,38
05/2017;1,69 ;3,38 ;13,13 ;1,46 ;1,38 ;1,43 ;1,18 ;1,30 ;1,27 ;1,33
06/2017;1,58 ;3,33 ;13,13 ;1,47 ;1,44 ;1,46 ;1,19 ;1,18 ;1,18 ;1,30
07/2017;1,62 ;3,18 ;13,14 ;1,43 ;1,31 ;1,40 ;1,16 ;1,23 ;1,21 ;1,25
08/2017;1,56 ;3,18 ;13,10 ;1,39 ;1,41 ;1,40 ;1,14 ;1,17 ;1,16 ;1,16
09/2017;1,51 ;3,08 ;13,13 ;1,37 ;1,30 ;1,35 ;1,10 ;1,11 ;1,11 ;1,11
10/2017;1,51 ;3,03 ;13,20 ;1,32 ;1,18 ;1,29 ;1,04 ;1,17 ;1,14 ;1,06
11/2017;1,47 ;2,96 ;13,14 ;1,32 ;1,35 ;1,32 ;1,05 ;1,12 ;1,10 ;1,05
12/2017;1,38 ;2,90 ;13,07 ;1,29 ;1,19 ;1,27 ;1,01 ;1,13 ;1,10 ;0,97
01/2018;1,44 ;2,94 ;12,93 ;1,31 ;1,18 ;1,28 ;1,01 ;1,18 ;1,14 ;0,99
02/2018;1,44 ;2,87 ;12,95 ;1,24 ;1,09 ;1,21 ;1,00 ;1,10 ;1,07 ;1,09
03/2018;1,35 ;2,84 ;12,97 ;1,20 ;1,26 ;1,21 ;1,03 ;1,00 ;1,01 ;1,03
04/2018;1,32 ;2,85 ;12,98 ;1,17 ;1,24 ;1,19 ;1,02 ;1,06 ;1,05 ;0,98
05/2018;1,37 ;2,80 ;12,97 ;1,18 ;1,22 ;1,19 ;1,06 ;1,12 ;1,11 ;1,04
06/2018;1,40 ;2,77 ;12,97 ;1,23 ;1,25 ;1,24 ;1,08 ;1,09 ;1,09 ;1,09
07/2018;1,41 ;2,82 ;13,06 ;1,24 ;1,26 ;1,25 ;1,12 ;1,11 ;1,11 ;1,04
08/2018;1,39 ;2,83 ;13,17 ;1,23 ;1,23 ;1,23 ;1,07 ;1,12 ;1,11 ;1,02
09/2018;1,43 ;2,83 ;13,22 ;1,24 ;1,26 ;1,24 ;1,14 ;1,11 ;1,12 ;0,99
10/2018;1,35 ;2,86 ;13,33 ;1,23 ;1,28 ;1,24 ;1,11 ;1,01 ;1,04 ;0,98
11/2018;1,33 ;2,82 ;13,19 ;1,18 ;1,25 ;1,19 ;1,05 ;1,05 ;1,05 ;0,93
12/2018;1,29 ;2,76 ;13,21 ;1,16 ;1,15 ;1,16 ;1,07 ;1,06 ;1,06 ;0,89
01/2019;1,37 ;2,77 ;13,29 ;1,21 ;1,18 ;1,20 ;1,00 ;1,00 ;1,00 ;0,96
02/2019;1,34 ;2,70 ;13,28 ;1,17 ;1,19 ;1,17 ;1,09 ;1,06 ;1,06 ;0,95
03/2019;1,34 ;2,65 ;13,28 ;1,11 ;1,22 ;1,13 ;1,01 ;1,04 ;1,04 ;0,97
04/2019;1,34 ;2,82 ;13,34 ;1,08 ;1,22 ;1,11 ;1,00 ;1,00 ;1,00 ;0,97
05/2019;1,31 ;2,84 ;13,33 ;1,09 ;1,18 ;1,10 ;1,01 ;0,90 ;0,92 ;0,99
06/2019;1,25 ;2,76 ;13,29 ;1,07 ;1,15 ;1,08 ;1,02 ;0,89 ;0,91 ;1,03
07/2019;1,25 ;2,75 ;13,29 ;1,05 ;1,12 ;1,06 ;0,91 ;0,92 ;0,92 ;0,98
08/2019;1,28 ;2,73 ;12,86 ;1,02 ;1,14 ;1,03 ;0,90 ;0,94 ;0,93 ;0,91
09/2019;1,22 ;2,76 ;12,22 ;0,99 ;1,08 ;1,00 ;0,89 ;0,88 ;0,88 ;0,83
10/2019;1,18 ;2,76 ;12,56 ;0,98 ;1,07 ;0,99 ;0,84 ;0,83 ;0,83 ;0,84
11/2019;1,18 ;2,68 ;12,65 ;0,95 ;1,09 ;0,97 ;0,91 ;0,84 ;0,86 ;0,80
12/2019;1,11 ;2,60 ;12,50 ;0,94 ;1,02 ;0,96 ;0,86 ;0,81 ;0,82 ;0,77
01/2020;1,24 ;2,62 ;12,03 ;0,99 ;1,03 ;0,99 ;0,97 ;0,84 ;0,87 ;0,87
02/2020;1,18 ;2,55 ;12,72 ;0,95 ;0,98 ;0,96 ;0,78 ;0,77 ;0,77 ;0,83
03/2020;1,17 ;2,72 ;12,52 ;0,91 ;0,99 ;0,92 ;0,76 ;0,84 ;0,82 ;0,83
04/2020;1,07 ;2,11 ;12,74 ;0,97 ;0,98 ;0,97 ;0,96 ;0,80 ;0,83 ;0,72
05/2020;0,98 ;2,05 ;12,43 ;0,99 ;0,96 ;0,99 ;0,96 ;0,84 ;0,87 ;0,58
06/2020;0,91 ;2,02 ;12,25 ;0,95 ;0,95 ;0,95 ;0,87 ;0,81 ;0,83 ;0,63
07/2020;0,89 ;1,97 ;12,11 ;0,94 ;0,98 ;0,95 ;0,98 ;0,85 ;0,87 ;0,55
08/2020;0,92 ;2,12 ;12,08 ;0,92 ;0,94 ;0,92 ;0,91 ;0,83 ;0,84 ;0,46
09/2020;0,86 ;2,06 ;12,10 ;0,90 ;0,88 ;0,90 ;0,90 ;0,76 ;0,78 ;0,48
10/2020;0,91 ;2,05 ;12,13 ;0,92 ;1,04 ;0,94 ;0,98 ;0,87 ;0,88 ;0,53
11/2020;0,90 ;2,13 ;12,00 ;0,89 ;0,94 ;0,90 ;0,97 ;0,92 ;0,93 ;0,54
12/2020;0,87 ;2,22 ;12,18 ;0,89 ;1,05 ;0,92 ;0,80 ;0,87 ;0,86 ;0,66
01/2021;1,28 ;2,49 ;12,45 ;0,96 ;1,11 ;0,99 ;0,96 ;0,87 ;0,88 ;0,72
02/2021;1,09 ;2,43 ;12,43 ;0,92 ;1,17 ;0,97 ;1,00 ;0,81 ;0,84 ;0,70
03/2021;1,10 ;2,39 ;12,47 ;0,93 ;1,09 ;0,96 ;0,92 ;0,89 ;0,89 ;0,75
04/2021;1,14 ;2,44 ;12,56 ;1,00 ;1,42 ;1,08 ;1,05 ;0,90 ;0,92 ;0,72
05/2021;1,14 ;2,45 ;12,63 ;1,00 ;1,63 ;1,12 ;1,02 ;0,89 ;0,91 ;0,71
06/2021;1,16 ;2,44 ;12,57 ;1,02 ;1,45 ;1,10 ;1,05 ;0,85 ;0,88 ;0,81
07/2021;1,21 ;2,62 ;12,79 ;1,04 ;1,20 ;1,07 ;0,99 ;1,03 ;1,02 ;0,78
08/2021;1,26 ;2,67 ;12,85 ;1,09 ;1,28 ;1,12 ;1,08 ;0,94 ;0,96 ;0,80
09/2021;1,36 ;2,59 ;13,03 ;1,17 ;1,39 ;1,23 ;1,22 ;0,99 ;1,03 ;0,94
10/2021;1,55 ;2,63 ;12,99 ;1,24 ;1,32 ;1,26 ;1,15 ;1,07 ;1,08 ;1,05
11/2021;1,62 ;2,77 ;12,34 ;1,40 ;1,42 ;1,41 ;1,34 ;1,12 ;1,15 ;1,13
12/2021;1,58 ;2,77 ;12,15 ;1,39 ;1,47 ;1,40 ;1,32 ;1,17 ;1,19 ;1,07
01/2022;1,69 ;2,87 ;12,70 ;1,43 ;1,44 ;1,43 ;1,22 ;1,16 ;1,17 ;1,10
02/2022;1,71 ;2,95 ;12,73 ;1,41 ;1,54 ;1,43 ;1,36 ;1,24 ;1,26 ;1,09
03/2022;1,70 ;2,96 ;12,35 ;1,43 ;1,59 ;1,46 ;1,35 ;1,23 ;1,25 ;1,08
04/2022;1,69 ;2,99 ;12,91 ;1,44 ;1,60 ;1,47 ;1,35 ;1,16 ;1,19 ;1,16
05/2022;1,67 ;3,08 ;12,59 ;1,44 ;1,66 ;1,49 ;1,42 ;1,31 ;1,32 ;1,24
06/2022;1,76 ;3,16 ;12,64 ;1,45 ;1,68 ;1,49 ;1,38 ;1,37 ;1,38 ;1,38
07/2022;1,77 ;3,24 ;12,75 ;1,46 ;1,72 ;1,51 ;1,43 ;1,39 ;1,39 ;1,40
08/2022;1,70 ;3,27 ;12,78 ;1,45 ;1,69 ;1,50 ;1,39 ;1,32 ;1,33 ;1,34
09/2022;1,71 ;3,19 ;12,74 ;1,44 ;1,72 ;1,49 ;1,40 ;1,37 ;1,38 ;1,41
10/2022;1,69 ;3,19 ;12,73 ;1,43 ;1,75 ;1,49 ;1,36 ;1,24 ;1,26 ;1,40
11/2022;1,73 ;3,15 ;12,70 ;1,45 ;1,73 ;1,50 ;1,34 ;1,33 ;1,34 ;1,42
12/2022;1,75 ;3,21 ;12,67 ;1,47 ;1,69 ;1,52 ;1,39 ;1,35 ;1,36 ;1,42
01/2023;1,85 ;3,23 ;12,72 ;1,51 ;1,70 ;1,55 ;1,43 ;1,29 ;1,31 ;1,28
02/2023;1,83 ;3,21 ;12,71 ;1,50 ;1,75 ;1,55 ;1,40 ;1,34 ;1,35 ;1,10
03/2023;1,80 ;3,29 ;12,83 ;1,47 ;1,74 ;1,53 ;1,38 ;1,31 ;1,32 ;1,24
04/2023;1,75 ;3,32 ;13,03 ;1,45 ;1,71 ;1,50 ;1,36 ;1,29 ;1,30 ;1,27
05/2023;1,74 ;3,34 ;13,27 ;1,44 ;1,66 ;1,48 ;1,40 ;1,32 ;1,33 ;1,29
06/2023;1,67 ;3,41 ;13,34 ;1,39 ;1,69 ;1,45 ;1,32 ;1,29 ;1,29 ;1,31
07/2023;1,72 ;3,41 ;13,16 ;1,37 ;1,67 ;1,43 ;1,23 ;1,28 ;1,27 ;1,31
08/2023;1,68 ;3,35 ;13,27 ;1,34 ;1,66 ;1,40 ;1,30 ;1,29 ;1,29 ;1,28
09/2023;1,70 ;3,23 ;13,19 ;1,31 ;1,64 ;1,37 ;1,26 ;1,28 ;1,28 ;1,23
10/2023;1,67 ;3,19 ;13,33 ;1,32 ;1,56 ;1,36 ;1,24 ;1,24 ;1,24 ;1,17
11/2023;1,69 ;3,54 ;13,09 ;1,31 ;1,46 ;1,34 ;1,26 ;1,24 ;1,24 ;1,16
12/2023;1,56 ;3,63 ;12,86 ;1,27 ;1,43 ;1,30 ;1,19 ;1,19 ;1,19 ;1,22
01/2024;1,68 ;3,96 ;13,12 ;1,30 ;1,38 ;1,31 ;1,24 ;1,17 ;1,18 ;1,14
02/2024;1,64 ;3,69 ;13,09 ;1,27 ;1,33 ;1,28 ;1,17 ;1,20 ;1,20 ;1,13
03/2024;1,52 ;3,83 ;13,36 ;1,26 ;1,27 ;1,26 ;1,17 ;1,22 ;1,21 ;1,09
04/2024;1,55 ;3,77 ;13,32 ;1,25 ;1,26 ;1,26 ;1,20 ;1,19 ;1,19 ;1,05
05/2024;1,56 ;3,60 ;12,87 ;1,25 ;1,25 ;1,25 ;1,24 ;1,22 ;1,22 ;1,10
06/2024;1,61 ;3,61 ;13,20 ;1,27 ;1,25 ;1,27 ;1,25 ;1,21 ;1,21 ;1,12
07/2024;1,63 ;3,59 ;13,22 ;1,31 ;1,29 ;1,31 ;1,19 ;1,18 ;1,18 ;1,07
08/2024;1,64 ;3,56 ;13,15 ;1,31 ;1,34 ;1,31 ;1,18 ;1,17 ;1,17 ;1,09
09/2024;1,56 ;3,48 ;12,99 ;1,30 ;1,39 ;1,32 ;1,24 ;1,16 ;1,17 ;1,09
10/2024;1,62 ;3,58 ;13,33 ;1,32 ;1,40 ;1,33 ;1,30 ;1,17 ;1,19 ;1,05
11/2024;1,66 ;3,53 ;13,28 ;1,35 ;1,39 ;1,36 ;1,31 ;1,23 ;1,24 ;1,10
12/2024;1,73 ;3,48 ;12,95 ;1,40 ;1,43 ;1,41 ;1,36 ;1,30 ;1,31 ;1,14
01/2025;1,94 ;3,62 ;13,06 ;1,51 ;1,43 ;1,50 ;1,46 ;1,20 ;1,24 ;1,22
02/2025;1,85 ;3,68 ;13,14 ;1,53 ;1,54 ;1,53 ;1,43 ;1,32 ;1,34 ;1,16
03/2025;1,78 ;3,61 ;12,66 ;1,49 ;1,70 ;1,52 ;1,41 ;1,41 ;1,41 ;1,22
04/2025;1,78 ;3,76 ;13,54 ;1,48 ;1,45 ;1,48 ;1,43 ;1,33 ;1,35 ;1,20
05/2025;1,77 ;3,87 ;13,50 ;1,48 ;1,34 ;1,46 ;1,41 ;1,38 ;1,39 ;1,47
06/2025;1,79 ;3,98 ;13,42 ;1,46 ;1,59 ;1,48 ;1,39 ;1,42 ;1,42 ;1,42
07/2025;1,87 ;3,86 ;13,64 ;1,44 ;1,33 ;1,42 ;1,40 ;1,37 ;1,37 ;1,16
Fonte;BCB-DSTAT;BCB-DSTAT;BCB-DSTAT;BCB-DSTAT;BCB-DSTAT;BCB-DSTAT;BCB-DSTAT;BCB-DSTAT;BCB-DSTAT;BCB-DSTAT
